Institution,Location
Massachusetts Institute of Technology (MIT),US
Stanford University,US
Harvard University,US
California Institute of Technology (Caltech),US
University of Oxford,UK
ETH Zurich (Swiss Federal Institute of Technology),CH
University of Cambridge,UK
Imperial College London,UK
University of Chicago,US
UCL (University College London),UK
National University of Singapore (NUS),SG
Princeton University,US
Nanyang Technological University (NTU),SG
Ecole Polytechnique F√©d√©rale de Lausanne (EPFL),CH
Tsinghua University,CN
University of Pennsylvania,US
Yale University,US
Cornell University,US
Columbia University,US
University of Edinburgh,UK
University of Michigan-Ann Arbor,US
University of Hong Kong (HKU),HK
Peking University,CN
The University of Tokyo,JP
Johns Hopkins University,US
University of Toronto,CA
The Hong Kong University of Science and Technology (HKUST),HK
The University of Manchester,UK
Northwestern University,US
"University of California, Berkeley (UCB)",US
Australian National University (ANU),AU
King's College London (KCL),UK
McGill University,CA
Fudan University,CN
New York University (NYU),US
"University of California, Los Angeles (UCLA)",US
Seoul National University (SNU),KR
Kyoto University,JP
KAIST - Korea Advanced Institute of Science and Technology,KR
The University of Sydney,AU
The University of Melbourne,AU
Duke University,US
The Chinese University of Hong Kong (CUHK),HK
The University of New South Wales (UNSW),AU
University of British Columbia,CA
The University of Queensland (UQ),AU
Shanghai Jiao Tong University,CN
City University of Hong Kong,HK
London School of Economics and Political Science (LSE),UK
Technische Universit√§t M√ºnchen,DE
Carnegie Mellon University,US
Universit√© PSL (Paris Sciences & Lettres),FR
Zhejiang University,CN
"University of California, San Diego (UCSD)",US
Monash University,AU
Tokyo Institute of Technology,JP
Delft University of Technology,NL
University of Bristol,UK
Universiti Malaya (UM),MY
Brown University,US
Ecole Polytechnique,FR
University of Amsterdam,NL
The University of Warwick,UK
Ludwig-Maximilians-Universit√§t M√ºnchen,DE
Ruprecht-Karls-Universit√§t Heidelberg,DE
University of Wisconsin-Madison,US
National Taiwan University (NTU),TW
Universidad de Buenos Aires,AR
Korea University,KR
University of Zurich,CH
University of Texas at Austin,US
Osaka University,JP
University of Washington,US
Lomonosov Moscow State University,RU
The Hong Kong Polytechnic University,HK
University of Copenhagen,DK
Pohang University of Science and Technology (POSTECH),KR
University of Glasgow,UK
Tohoku University,JP
Georgia Institute of Technology (Georgia Tech),US
The University of Auckland,NZ
University of Illinois at Urbana-Champaign,US
Sorbonne University,FR
Katholieke Universiteit Leuven,BE
Yonsei University,KR
Durham University,UK
University of Birmingham,UK
Sungkyunkwan University,KR
Rice University,US
University of Southampton,UK
University of Leeds,UK
The University of Western Australia (UWA),AU
The University of Sheffield,UK
University of Science and Technology of China,CN
"University of North Carolina, Chapel Hill",US
University of St Andrews,UK
Lund University,SE
"KTH, Royal Institute of Technology",SE
The University of Nottingham,UK
Universidad Nacional Aut√≥noma de M√©xico (UNAM),MX
Pennsylvania State University,US
Trinity College Dublin (TCD),IE
Technical University of Denmark,DK
University of Helsinki,FI
Washington University in St. Louis,US
The University of Adelaide,AU
University of Geneva,CH
Ohio State University,US
Purdue University,US
Boston University,US
Nagoya University,JP
"University of California, Davis (UCD)",US
University of Oslo,NO
Queen Mary University of London (QMUL),UK
University of Bern,CH
Universidade de S√£o Paulo (USP),BR
Wageningen University,NL
Humboldt-Universit√§t zu Berlin,DE
Universit√© de Montr√©al,CA
University of Alberta,CA
Eindhoven University of Technology,NL
Pontificia Universidad Cat√≥lica de Chile,CL
University of Southern California,US
Utrecht University,NL
Kyushu University,JP
Nanjing University,CN
Uppsala University,SE
Aalto University,FI
Leiden University,NL
University of Groningen,NL
Freie Universit√§t Berlin,DE
"KIT, Karlsruher Institut f√ºr Technologie",DE
Universiti Putra Malaysia (UPM),MY
University of Technology Sydney (UTS),AU
Lancaster University,UK
University of Ghent,BE
Politecnico di Milano,IT
CentraleSup√©lec,FR
Chalmers University of Technology,SE
Hokkaido University,JP
Universiti Kebangsaan Malaysia (UKM),MY
Universiti Sains Malaysia (USM),MY
King Abdul Aziz University (KAU),SA
McMaster University,CA
Rheinisch-Westf√§lische Technische Hochschule Aachen,DE
Hanyang University,KR
Aarhus University,DK
Technische Universit√§t Berlin,DE
University of Basel,CH
Universit√§t Wien,AT
University of York,UK
Newcastle University,UK
"University of California, Santa Barbara (UCSB)",US
"University of Maryland, College Park",US
Tecnol√≥gico de Monterrey (ITESM),MX
University of Pittsburgh,US
Michigan State University,US
Emory University,US
Cardiff University,UK
Universit√† di Bologna (UNIBO),IT
Ecole Normale Sup√©rieure de Lyon,FR
Case Western Reserve University,US
University of Florida,US
University of Exeter,UK
Al-Farabi Kazakh National University,KZ
University of Rochester,US
University of Waterloo,CA
National Tsing Hua University,TW
Texas A&M University,US
University of Lausanne,CH
Sapienza - Universit√† di Roma,IT
Indian Institute of Technology Bombay (IITB),IN
Technische Universit√§t Dresden,DE
University of Bath,UK
Eberhard Karls Universit√§t T√ºbingen,DE
Universit√§t Freiburg,DE
Hebrew University of Jerusalem,IL
University College Dublin (UCD),IE
University of Minnesota Twin Cities,US
Universidad de Chile,CL
Stockholm University,SE
University of Liverpool,UK
Universitat de Barcelona (UB),ES
University of Otago,NZ
Indian Institute of Science (IISc) Bangalore,IN
King Fahd University of Petroleum & Minerals (KFUPM),SA
Universiti Teknologi Malaysia (UTM),MY
Vanderbilt University,US
Universit√© Catholique de Louvain (UCL),BE
Waseda University,JP
Keio University,JP
Technische Universit√§t Wien,AT
Indian Institute of Technology Delhi (IITD),IN
University of Bergen,NO
Georg-August-Universit√§t G√∂ttingen,DE
University of Wollongong,AU
Erasmus University Rotterdam,NL
University of Newcastle,AU
University of Twente,NL
Universidad Aut√≥noma de Madrid,ES
Vrije Universiteit Brussel (VUB),BE
University of Gothenburg,SE
Dartmouth College,US
Western University,CA
University of Reading,UK
Universidad Complutense de Madrid (UCM),ES
University of Aberdeen,UK
Chulalongkorn University,TH
Queen's University of Belfast,UK
"University of California, Irvine (UCI)",US
Khalifa University,AE
University of Notre Dame,US
Universitat Aut√≥noma de Barcelona,ES
Macquarie University,AU
Radboud University Nijmegen,NL
Universit√† degli Studi di Padova (UNIPD),IT
Curtin University,AU
Queensland University of Technology (QUT),AU
University of Virginia,US
American University of Beirut (AUB),LB
Arizona State University,US
University of Cape Town,ZA
RMIT University,AU
Victoria University of Wellington,NZ
Saint-Petersburg State University,RU
Loughborough University,UK
Universidad de Los Andes Colombia,CO
Novosibirsk State University,RU
Universit√§t Hamburg,DE
Georgetown University,US
Tel Aviv University,IL
University of Colorado at Boulder,US
Universidade Estadual de Campinas (Unicamp),BR
Maastricht University,NL
National Cheng Kung University,TW
Kyung Hee University,KR
Vrije Universiteit Amsterdam,NL
"National University of Ireland, Galway (NUIG)",IE
University of Antwerp,BE
National Chiao Tung University,TW
Rheinische Friedrich-Wilhelms-Universit√§t Bonn,DE
Ecole des Ponts ParisTech,FR
Sciences Po Paris,FR
University of Leicester,UK
Qatar University,QA
Queen's University,CA
University of Calgary,CA
University of Sussex,UK
Wuhan University,CN
Tomsk State University,RU
University Libre de Bruxelles (ULB),BE
Mahidol University,TH
Universidad de Navarra,ES
Universitas Gadjah Mada,ID
Universiti Brunei Darussalam (UBD),BN
Tongji University,CN
"University of Illinois, Chicago (UIC)",US
"Rutgers - The State University of New Jersey, New Brunswick",US
Universidad Nacional de Colombia,CO
Charles University,CZ
Harbin Institute of Technology,CN
Tufts University,US
Sun Yat-sen University,CN
Hong Kong Baptist University (HKBU),HK
Universit√§t Innsbruck,AT
University of Tsukuba,JP
National Taiwan University of Science and Technology,TW
Technische Universit√§t Darmstadt,DE
University of Surrey,UK
University of Canterbury,NZ
"University of Massachusetts, Amherst",US
Massey University,NZ
Universit√∂ della Svizzera italiana,CH
University of Arizona,US
Deakin University,AU
Indian Institute of Technology Madras (IITM),IN
Technische Universit√§t Graz,AT
Universit√© de Paris,FR
Beijing Normal University,CN
University of Ottawa,CA
Moscow Institute of Physics and Technology State University,RU
Bauman Moscow State Technical University,RU
Universit√§t K√∂ln,DE
United Arab Emirates University,AE
University of Tartu,EE
University College Cork (UCC),IE
King Saud University (KSU),SA
Universitat Pompeu Fabra,ES
Universit√© Paris 1 Panth√©on-Sorbonne,FR
University of Turku,FI
Dalhousie University,CA
ENS Paris-Saclay,FR
Technion - Israel Institute of Technology,IL
University of Miami,US
Gwangju Institute of Science and Technology (GIST),KR
North Carolina State University,US
University of South Australia (UniSA),AU
National Research University - Higher School of Economics (HSE),RU
National Yang Ming University,TW
University of Strathclyde,UK
Heriot-Watt University,UK
Universit√† degli Studi di Milano,IT
Griffith University,AU
Xi'an Jiaotong University,CN
Aalborg University,DK
Paris-Saclay University,FR
University of Indonesia,ID
Universit√§t Mannheim,DE
Politecnico di Torino,IT
Royal Holloway University of London,UK
University of Tasmania,AU
Universidad Carlos III de Madrid,ES
Universit√§t Frankfurt am Main,DE
Bandung Institute of Technology (ITB),ID
Indian Institute of Technology Kharagpur (IITKGP),IN
"National Research Nuclear University ""MEPhI"" (Moscow Engineering",RU
Universitat Polit√®cnica de Catalunya,ES
Belarus State University,BY
Universit√§t Erlangen-N√ºrnberg,DE
University of Dundee,UK
Indiana University Bloomington,US
Hiroshima University,JP
University of Warsaw,PL
Simon Fraser University,CA
Southern University of Science and Technology,CN
Universit√§t Jena,DE
Jagiellonian University,PL
PAiornetsi (fiUciCa AU)niversidad Cat√≥lica Argentina Santa Mar√≠a de los Buenos,AR
RUDN University,RU
Universidad Politecnica de Valencia,ES
Virginia Polytechnic Institute (Virginia Tech),US
IE University,ES
National Taiwan Normal University,TW
Ural Federal University,RU
Ewha Womans University,KR
Ume√• University,SE
Universit√§t Stuttgart,DE
University of East Anglia (UEA),UK
University of Hawaii at MƒÅÔøΩnoa,US
University of Jyv√§skyl√§,FI
University of Utah,US
Yeshiva University,US
Universit√© Grenoble-Alpes (UGA),FR
"University of Chemistry and Technology, Prague",CZ
"Birkbeck College, University of London",UK
Universit√§t Ulm,DE
"SOAS - School of Oriental and African Studies, University of London",UK
University at Buffalo SUNY,US
American University of Sharjah,AE
Moscow State Institute of International Relations ‚Äì MGIMO University,RU
"City, University of London",UK
Indian Institute of Technology Kanpur (IITK),IN
Universiti Teknologi Brunei,BN
George Washington University,US
University of Southern Denmark,DK
National University of Sciences and Technology (NUST) Islamabad,PK
Westf√§lische Wilhelms-Universit√§t M√ºnster,DE
L.N. Gumilyov Eurasian National University,KZ
University of Lisbon,PT
University of Porto,PT
ITMO University,RU
Norwegian University of Science and Technology,NO
Johannes Kepler Universit√§t Linz (JKU),AT
Link√∂ping University,SE
Northeastern University,US
Tokyo Medical and Dental University,JP
University of Macau,MO
Brunel University,UK
Tilburg University,NL
Kazan Federal University,RU
University of Victoria,CA
Swinburne University of Technology,AU
Pakistan Institute of Engineering and Applied Sciences (PIEAS),PK
Stony Brook University,US
Sultan Qaboos University,OM
University of Waikato,NZ
Nankai University,CN
Universidad de Palermo,AR
Taylor's University,MY
Universidade Federal do Rio de Janeiro,BR
University of Kent,UK
Wake Forest University,US
Indian Institute of Technology Roorkee (IITR),IN
Oxford Brookes University,UK
Universit√† di Pisa,IT
University of Kansas,US
Lincoln University,NZ
Shanghai University,CN
Taipei Medical University,TW
Tianjin University,CN
UCSI University,MY
Beijing Institute of Technology,CN
HUFS ‚Äì Hankuk (Korea) University of Foreign Studies,KR
Universit√† degli Studi di Napoli Federico II,IT
Universit√† Vita-Salute San Raffaele,IT
Huazhong University of Science and Technology,CN
University of the Philippines,PH
La Trobe University,AU
Universit√© de Strasbourg,FR
University of Colorado at Denver,US
Peter the Great St.Petersburg Polytechnic University,RU
Tomsk Polytechnic University,RU
Chung-Ang University,KR
Johannes Gutenberg Universit√§t Mainz,DE
Kobe University,JP
Universit√† degli Studi di Trento,IT
University of The Witwatersrand,ZA
University of Oulu,FI
Sharif University of Technology,IR
Tampere University,FI
The American University in Cairo,EG
University of Essex,UK
Washington State University,US
Bond University,AU
Tulane University,US
"Goldsmiths, University of London",UK
National Sun Yat-sen University,TW
"University of California, Santa Cruz (UCSC)",US
University of Tromso,NO
Laval University,CA
Universidade Federal de S√£o Paulo (UNIFESP),BR
University of Iowa,US
Flinders University,AU
Vilnius University,LT
Universit√© de Bordeaux,FR
Illinois Institute of Technology,US
Pontificia Universidad Javeriana,CO
"National University of Science and Technology ""MISIS""",RU
Universidade Nova de Lisboa,PT
University of St Gallen (HSG),CH
University of Coimbra,PT
Czech Technical University In Prague,CZ
Pontificia Universidad Cat√≥lica del Per√∫,PE
Universit√† degli Studi di Firenze (UNIFI),IT
University of Tennessee,US
Xiamen University,CN
Auckland University of Technology,NZ
Julius-Maximilians-Universit√§t W√ºrzburg,DE
Dublin City University (DCU),IE
Ruhr-Universit√§t Bochum,DE
Universiti Teknologi Petronas (Petronas),MY
University of Johannesburg,ZA
Colorado State University,US
Universidad Austral,AR
Universit√§t Konstanz,DE
Ben Gurion University of The Negev,IL
Brandeis University,US
University of Science and Technology Beijing,CN
Beihang University,CN
"University of California, Riverside (UCR)",US
Universidad Polit√©cnica de Madrid,ES
Universit√§t des Saarlandes,DE
University of Liege,BE
Boston College,US
Quaid-i-azam University,PK
Dongguk University,KR
Florida State University,US
Hasselt University,BE
Stellenbosch University,ZA
The Catholic University of Korea,KR
University of Canberra,AU
James Cook University (JCU),AU
South China University of Technology,CN
Universidad ORT Uruguay,UY
Ko√ß University,TR
National Central University,TW
Universidad de Belgrano,AR
University of Saskatchewan,CA
Yokohama City University,JP
Indian Institute of Technology Guwahati (IITG),IN
Lappeenranta University of Technology,FI
Martin-Luther-Universit√§t Halle-Wittenberg,DE
Rensselaer Polytechnic Institute,US
Swansea University,UK
Umm Al-Qura University (UQU),SA
Western Sydney University,AU
Amirkabir University of Technology,IR
Concordia University,CA
National Technical University of Athens,GR
University of Cyprus,CY
V.N. Karazin Kharkiv National University,UA
Wayne State University,US
Universit√§t Leipzig,DE
"University of Missouri, Columbia",US
Aberystwyth University,UK
Shandong University,CN
University of Stirling,UK
Chiba University,JP
National Taipei University of Technology,TW
M.O.Auezov South Kazakhstan State University,KZ
Sogang University,KR
Universidad de Montevideo,UY
Chang Gung University,TW
Far Eastern Federal University,RU
Jilin University,CN
Southeast University,CN
"Universidade Estadual Paulista ""J√∫lio de Mesquita Filho""",BR
Universidad de la Habana,CU
Oregon State University,US
Universidad de Alcal√°,ES
University of Eastern Finland,FI
Christian-Albrechts-Universit√§t zu Kiel,DE
East China Normal University,CN
Hitotsubashi University,JP
The University of Georgia,US
Universidad de Granada,ES
Universidad de Santiago de Chile (USACH),CL
Universidad de Zaragoza,ES
University of Balamand,LB
University of Connecticut,US
University of Delhi,IN
University of Szeged,HU
Aston University,UK
Singapore Management University,SG
Universit√† Cattolica del Sacro Cuore,IT
Universit√° degli Studi di Roma - Tor Vergata,IT
Universit√© Aix-Marseille,FR
Universit√© de Montpellier,FR
University of Klagenfurt,AT
University of Limerick (UL),IE
Warsaw University of Technology,PL
Airlangga University,ID
Imam Abdulrahman Bin Faisal University (IAU) (formerly University,SA
of Dammam),
National Research Saratov State University,RU
Sabanci University,TR
Universit√† degli Studi di Torino (UNITO),IT
Universit√§t Bayreuth,DE
University of Debrecen,HU
University of Milano-Bicocca,IT
University of Ulsan,KR
Bogor Agricultural University,ID
Inha University,KR
Justus-Liebig-Universit√§t Gie√üen,DE
Masaryk University,CZ
Nagasaki University,JP
Northwestern Polytechnical University,CN
Sichuan University,CN
Universidad Central Marta Abreu de Las Villas,CU
Universiti Utara Malaysia (UUM),MY
University of Texas Dallas,US
York University,CA
Coventry University,UK
Institut National des Sciences Appliqu√©es de Lyon (INSA),FR
Iowa State University,US
Niigata University,JP
Osaka City University,JP
Safattebra Ky.eI.v  SUantipvaeervs)ity (previously Kazakh Technical University named,KZ
Universit√§t Bremen,DE
Universit√© Panth√©on-Assas (Paris 2),FR
Universit√© Saint-Joseph de Beyrouth,LB
University of Delaware,US
Ajou University,KR
Bar-Ilan University,IL
Bilkent University,TR
Hallym University,KR
Konkuk University,KR
Lebanese American University,LB
Lehigh University,US
Management and Science University,MY
Technische Universit√§t Braunschweig,DE
Universit√© Paul Sabatier Toulouse III,FR
Victoria University,AU
Cairo University,EG
Kumamoto University,JP
Kyungpook National University,KR
New School University,US
Thammasat University,TH
Universidad Externado de Colombia,CO
University of Nebraska - Lincoln,US
University of Pretoria,ZA
Abo Akademi University,FI
Altai State University,RU
Aristotle University of Thessaloniki,GR
China University of Geosciences,CN
Lingnan University (Hong Kong),HK
Murdoch University,AU
Okayama University,JP
Universidad de Costa Rica,CR
Universidad Panamericana (UP),MX
University of Guelph,CA
University of South Carolina at Columbia,US
Clark University,US
Karl-Franzens-Universit√§t Graz,AT
"Kingston University, London",UK
National Chengchi University,TW
Pusan National University,KR
Renmin (People‚Äôs) University of China,CN
Universidad de Sevilla,ES
University of Aveiro,PT
University of South Florida,US
Central Queensland University,AU
Dalian University of Technology,CN
Jeonbuk National University,KR
Kanazawa University,JP
Kazakh National Agrarian University,KZ
Palack√Ω University in Olomouc,CZ
Samara National Research University (Samara University),RU
Southern Federal University,RU
Universitat de Valencia,ES
University of Minho,PT
University of Tehran,IR
American University in Dubai,AE
Ateneo de Manila University,PH
Bangor University,UK
Carleton University,CA
Chiang Mai University,TH
Drexel University,US
East China University of Science and Technology,CN
Eotvos Lorand University,HU
Gifu University,JP
Holy Spirit University of Kaslik,LB
Hunan University,CN
Indian Institute of Technology Hyderabad,IN
Instituto Tecnol√≥gico de Buenos Aires (ITBA),AR
International Islamic University Malaysia (IIUM),MY
Iran University of Science and Technology,IR
Ivane Javakhishvili Tbilisi State University,GE
Jinan University (China),CN
Kazakh National Pedagogical University Abai,KZ
King Khalid University,SA
Libera Universita' di Bolzano,IT
Lobachevsky State University of Nizhni Novgorod,RU
Michigan Technological University,US
Middle East Technical University,TR
Missouri University of Science and Technology,US
National Chung Hsing University,TW
Shenzhen University,CN
Smith College,US
"Sofia University ""St. Kliment Ohridski""",BG
Syracuse University,US
Taras Shevchenko National University of Kyiv,UA
The University of Tokushima,JP
Tokyo University of Agriculture and Technology,JP
Ulster University,UK
Universidad de Concepci√≥n,CL
Universidad de Salamanca,ES
Universit√† degli Studi di Pavia (UNIPV),IT
Universitat Ramon Llull,ES
Universit√§t Regensburg,DE
Universit√© de Fribourg,CH
Universit√© du Qu√©bec,CA
University C√¥te d'Azur,FR
University of Bradford,UK
University of Cincinnati,US
University of Hull,UK
University of Jordan,JO
University of Kentucky,US
University of Ljubljana,SI
University of Manitoba,CA
University of New Mexico,US
University of Oregon,US
University of Portsmouth,UK
University of Sharjah,AE
University of Vermont,US
American University,US
Applied Science University of Bahrain,BH
Beijing University of Technology,CN
Bogazi√ßi √úniversitesi,TR
Central South University,CN
City University of New York,US
Edith Cowan University (ECU),AU
Howard University,US
Jadavpur University,IN
Jordan University of Science and Technology,JO
Kagoshima University,JP
Lahore University of Management Sciences (LUMS),PK
Leibniz Universit√§t Hannover,DE
National and Kapodistrian University of Athens,GR
"National Technical University ""Kharkiv Polytechnic Institute""",UA
Northumbria University at Newcastle,UK
O. P. Jindal Global University,IN
Osaka Prefecture University,JP
Pavol Josef Safarik University,SK
Philipps-Universit√§t Marburg,DE
Pontificia Universidade Cat√≥lica do Rio de Janeiro - PUC - Rio,BR
Savitribai Phule Pune University,IN
Sejong University,KR
Soochow University,CN
Tallinn University of Technology,EE
Tokyo Metropolitan University,JP
Universidad Anahuac,MX
Universidad de Antioquia,CO
Universidad ICESI,CO
Universidad Nacional de La Plata,AR
Universidad Pontificia Bolivariana,CO
Universidad Pontificia Comillas,ES
Universidad Torcuato Di Tella,AR
Universidade Federal de Minas Gerais,BR
Universit√† degli Studi di Genova,IT
Universit√† degli Studi di Siena (UNISI),IT
Universit√§t Hohenheim,DE
Universiti Teknologi MARA (UiTM),MY
University of Denver,US
University of Hyderabad,IN
"University of Massachusetts, Boston",US
University of Mons,BE
University of Oklahoma,US
University of P√©cs,HU
University of Plymouth,UK
University of Westminster,UK
Vilnius Gediminas Technical University,LT
Virginia Commonwealth University,US
William & Mary,US
Abu Dhabi University,AE
Ajman University,AE
Brno University of Technology,CZ
Charles Darwin University,AU
China Agricultural University,CN
Chonnam National University,KR
Comenius University in Bratislava,SK
Gunma University,JP
Instituto Polit√©cnico Nacional (IPN),MX
Instituto Tecnol√≥gico Autonomo de M√©xico (ITAM),MX
Kansas State University,US
Kaohsiung Medical University,TW
Keele University,UK
Lebanese University,LB
Louisiana State University,US
Macau University of Science and Technology,MO
Maynooth University,IE
Memorial University of Newfoundland,CA
Mendel University in Brno,CZ
Middlesex University,UK
Nanjing University of Science and Technology,CN
"National Technical University of Ukraine ""Kyiv Polytechnic Institute""",UA
Notre Dame University-Louaize (NDU),LB
Riga Technical University,LV
Saint-Petersburg Electrotechnical University,RU
Southern Methodist University,US
Stevens Institute of Technology,US
Sumy State University,UA
Sunway University,MY
Temple University,US
Universidad Adolfo Ib√°√±ez,CL
Universidad de San Andr√©s,AR
Universidad Iberoamericana (UIA),MX
Universidad Peruana Cayetano Heredia,PE
Universidade de Santiago de Compostela,ES
Universidade Federal do Rio Grande Do Sul,BR
Universit√† degli Studi di Trieste (UNITS),IT
Universit√§t Rostock,DE
Universit√© Claude Bernard Lyon 1,FR
Universit√© de Sherbrooke,CA
Universiti Tenaga Nasional (UNITEN),MY
University of Central Florida,US
University of Electronic Science and Technology of China,CN
University of Greenwich,UK
University of Haifa,IL
University of Houston,US
University of Huddersfield,UK
"University of Maryland, Baltimore County",US
University of Southern Queensland,AU
Worcester Polytechnic Institute,US
Zayed University,AE
Beijing Jiaotong University,CN
Bournemouth University,UK
Chongqing University,CN
Chungnam National University,KR
Clarkson University,US
Dankook University,KR
Florida International University,US
Georgia State University,US
Indiana University-Purdue University Indianapolis,US
Istanbul Technical University,TR
"Jamia Millia Islamia, New Delhi",IN
Kazakh-British Technical University,KZ
KIMEP,KZ
London South Bank University,UK
Manipal Academy of Higher Education,IN
New Jersey Institute of Technology (NJIT),US
Northwest University (China),CN
Nottingham Trent University,UK
Oklahoma State University,US
Paris Lodron Universit√§t Salzburg,AT
Plekhanov Russian University of Economics,RU
Politecnico di Bari,IT
Prince Mohammad Bin Fahd University,SA
Rovira i Virgili University,ES
"Rutgers - The State University of New Jersey, Newark",US
Sepuluh Nopember Institute of Technology,ID
Southern Cross University,AU
Technical University of Liberec,CZ
Tokyo University of Science,JP
Universidad Central de Venezuela (UCV),VE
Universidad de Guadalajara (UDG),MX
Universidad de La Sabana,CO
Universidad de San Francisco de Quito,EC
Universidad del Pais Vasco,ES
Universidad del Rosario,CO
Universit√† Ca' Foscari Venezia,IT
Universit√† degli Studi di Modena e Reggio Emilia,IT
Universit√† degli Studi di Perugia,IT
Universit√§t Duisburg-Essen,DE
Universit√§t D√ºsseldorf,DE
Universit√© de Lille,FR
Universiti Malaysia Pahang (UMP),MY
University at Albany SUNY,US
University of Brescia,IT
University of Patras,GR
University of Seoul,KR
University of Tulsa,US
University of Windsor,CA
Adam Mickiewicz University,PL
AGH University of Science and Technology,PL
Ain Shams University,EG
Alexandria University,EG
"Aligarh Muslim University (AMU), Aligarh",IN
Amrita Vishwa Vidyapeetham,IN
Ankara √úniversitesi,TR
Anna University,IN
Athens University of Economics and Business,GR
Auburn University,US
Australian Catholic University,AU
Babes-Bolyai University,RO
Banaras Hindu University,IN
Bangladesh University of Engineering and Technology,BD
Baylor University,US
Beijing Foreign Studies University,CN
Beirut Arab University,LB
Belarusian National Technical University,BY
Bina Nusantara University (BINUS),ID
Binghamton University SUNY,US
Birmingham City University (BCU),UK
Budapest University of Technology and Economics,HU
Charles Sturt University,AU
Clemson University,US
COMSATS University Islamabad,PK
Corvinus University of Budapest,HU
Cracow University of Technology,PL
Czech University of Life Sciences in Prague,CZ
De La Salle University,PH
De Montfort University,UK
Edinburgh Napier University,UK
Escuela Polit√©cnica Nacional,EC
Fordham University,US
Gdansk University of Technology,PL
George Mason University,US
German Jordanian University,JO
Glasgow Caledonian University,UK
Gulf University for Science and Technology (GUST),KW
Hacettepe University,TR
Harbin Engineering University,CN
Islamic University in Madinah,SA
Istanbul University,TR
Karaganda State Technical University,KZ
Kasetsart University,TH
Kaunas University of Technology,LT
Kazakh Ablai khan University of International Relations and World,KZ
Kent State University,US
Khon Kaen University,TH
King Faisal University,SA
King Mongkut's University of Technology Thonburi,TH
Universidad Austral de Chile,CL
Universidad Aut√≥noma de Chapingo,MX
Universidad Aut√≥noma del Estado de M√©xico,MX
Universidad Aut√≥noma Metropolitana (UAM),MX
Universidad Cat√≥lica Andr√©s Bello - UCAB,VE
Universidad Cat√≥lica del Uruguay,UY
Universidad de Alicante,ES
Universidad de la Rep√∫blica (UdelaR),UY
Universidad de las Am√©ricas Puebla (UDLAP),MX
Universidad de los Andes Chile,CL
Universidad de los Andes M√©rida,VE
Universidad de Murcia,ES
Universidad de Oviedo,ES
Universidad del Valle,CO
Universidad Diego Portales,CL
Universidad EAFIT,CO
Universidad Nacional Costa Rica,CR
Universidad Nacional de C√≥rdoba,AR
Universidad Nacional de Rosario,AR
Universidad Nacional de San Luis,AR
Universidad Nacional Mayor de San Marcos,PE
Universidad Sim√≥n Bol√≠var Venezuela,VE
Universidad T√©cnica Federico Santa Mar√≠a,CL
Universidad Tecnol√≥gica de Panam√° (UTP),PA
Universidad Tecnol√≥gica Nacional (UTN),AR
"Universidade Catolica Portuguesa, Lisboa",PT
Universidade da Coru√±a,ES
Universidade de Brasilia,BR
Universidade Federal de Santa Catarina,BR
Universidade Federal de S√£o Carlos,BR
Universidade Federal do Paran√° (UFPR),BR
Universidade Federal do Pernambuco,BR
Universit√† degli Studi di Catania (UniCT),IT
Universit√† degli Studi di Ferrara,IT
Universit√† degli Studi di Salerno,IT
Universita degli Studi di Udine,IT
Universit√† degli Studi Roma Tre,IT
Universit√† della Calabria,IT
Universita' Politecnica delle Marche,IT
Universit√† degli Studi di Palermo,IT
Universit√§t Bielefeld,DE
Universit√§t Potsdam,DE
Universit√© de Lorraine,FR
Universit√© de Nantes,FR
Universit√© de Rennes 1,FR
Universit√© de Versailles Saint-Quentin-en-Yvelines (UVSQ),FR
Universit√© Paul-Val√©ry Montpellier 3,FR
"Universit√© Toulouse 1, Capitole",FR
Universiti Malaysia Sarawak (UNIMAS),MY
Universiti Tunku Abdul Rahman (UTAR),MY
Kuwait University,KW
Kyoto Institute of Technology,JP
Kyushu Institute of Technology,JP
Lanzhou University,CN
Liverpool John Moores University,UK
Lodz University of Technology,PL
London Metropolitan University,UK
Loyola University Chicago,US
Manchester Metropolitan University,UK
Multimedia University (MMU),MY
Nagoya Institute of Technology (NIT),JP
National Chung Cheng University,TW
National University Lviv Polytechnic,UA
Nicolaus Copernicus University,PL
Novosibirsk State Technical University,RU
Ohio University,US
Padjadjaran University,ID
Perm State University,RU
Pontificia Universidad Cat√≥lica de Valpara√≠so,CL
Pontificia Universidad Catolica del Ecuador,EC
Pontificia Universidade Cat√≥lica de S√£o Paulo (PUC-SP),BR
Poznan University of Technology,PL
Prince of Songkla University,TH
Princess Nourah bint Abdulrahman University,SA
Princess Sumaya University for Technology,JO
"Queen Margaret University , Edinburgh",UK
Rhodes University,ZA
Riga Stradins University,LV
Ritsumeikan University,JP
Ryerson University,CA
Saitama University,JP
San Diego State University,US
Shanghai International Studies University,CN
Sheffield Hallam University,UK
Shinshu University,JP
Shiraz University,IR
Silesian University of Technology in Gliwice,PL
Slovak University of Technology in Bratislava,SK
Sophia University,JP
South Ural State University,RU
Szent Istv√°n University G√∂d√∂ll≈ë,HU
Tallinn University,EE
Technical University of Kosice,SK
Technische Universit√§t Dortmund,DE
Technological University of Dublin,IE
Tecnol√≥gico de Costa Rica (TEC),CR
Texas Tech University,US
The Robert Gordon University,UK
Administration,RU
Tokai University,JP
University Malaysia Perlis (UniMAP),MY
University of Alabama,US
University of Baghdad,IQ
University of Bahrain,BH
University of Bari,IT
University of Brighton,UK
University of Bucharest,RO
University of Calcutta,IN
University of Central Lancashire,UK
University of Crete,GR
University of Dhaka,BD
University of East London,UK
University of Engineering & Technology (UET) Lahore,PK
University of Gdansk,PL
University of Hertfordshire,UK
University of Kufa,IQ
University of Kwazulu-Natal,ZA
University of Latvia,LV
University of Lincoln,UK
University of Lodz,PL
University of Malaysia Sabah (UMS),MY
University of Malta (L-Universit√† ta' Malta),MT
University of Maribor,SI
University of Miskolc,HU
University of Mississippi,US
University of New England,AU
University of New Hampshire,US
University of Pardubice,CZ
University of Parma,IT
University of Rijeka,HR
University of Salford,UK
University of San Diego,US
University of Santo Tomas,PH
University of the Pacific,US
University of the Punjab,PK
University of the West of England,UK
University of Wroclaw,PL
University of Wyoming,US
University of Zagreb,HR
Utah State University,US
Verona University,IT
Vietnam National University - Ho Chi Minh City (VNU-HCM),VN
"Vietnam National University, Hanoi",VN
Vytautas Magnus University,LT
Wroc≈Çaw University of Science and Technology,PL
Wuhan University of Technology,CN
Xi'an Jiaotong-Liverpool University,CN
Yamaguchi University,JP
Yeungnam University,KR
Yokohama National University,JP